{"count":1,"self":1.3265027,"total":8.7965927999999991,"children":{"AgentResetIfDone":{"count":1084,"self":0.0149667,"total":0.0149667,"children":null},"AgentSendState":{"count":1084,"self":0.043021899999999995,"total":0.8826315,"children":{"CollectObservations":{"count":724,"self":0.8396096,"total":0.8396096,"children":null}}},"DecideAction":{"count":1084,"self":6.4704272,"total":6.4804321,"children":{"AgentInfo.ToProto":{"count":181,"self":0.0100047,"total":0.0100047,"children":null}}},"AcademyStep":{"count":1084,"self":0.015002399999999999,"total":0.015002399999999999,"children":null},"AgentAct":{"count":1084,"self":0.075057199999999991,"total":0.075057199999999991,"children":null}}}