{"count":1,"self":1.9586936,"total":12.345395499999999,"children":{"AgentResetIfDone":{"count":1251,"self":0.0160087,"total":0.0160087,"children":null},"AgentSendState":{"count":1251,"self":0.059980099999999995,"total":0.9462126,"children":{"CollectObservations":{"count":836,"self":0.8862325,"total":0.8862325,"children":null}}},"DecideAction":{"count":1251,"self":9.3094384,"total":9.3284594,"children":{"AgentInfo.ToProto":{"count":209,"self":0.019021,"total":0.019021,"children":null}}},"AcademyStep":{"count":1251,"self":0.012010999999999999,"total":0.012010999999999999,"children":null},"AgentAct":{"count":1251,"self":0.083011,"total":0.083011,"children":null}}}