{"count":1,"self":1391.1417856,"total":19123.0481855,"children":{"AgentResetIfDone":{"count":87741,"self":1.3443578999999999,"total":1.3443578999999999,"children":null},"AgentSendState":{"count":87741,"self":3.0706879999999996,"total":107.6326474,"children":{"CollectObservations":{"count":87744,"self":104.5619584,"total":104.5619593,"children":null}}},"DecideAction":{"count":87741,"self":1.2857878,"total":1.2857878,"children":null},"AcademyStep":{"count":87741,"self":17620.5709312,"total":17620.571147,"children":null},"AgentAct":{"count":87741,"self":1.0704411,"total":1.0704411,"children":null}}}