{"count":1,"self":3.0850328,"total":3.3150057,"children":{"AgentResetIfDone":{"count":138,"self":0.0019971,"total":0.0019971,"children":null},"AgentSendState":{"count":138,"self":0.0059941,"total":0.1979918,"children":{"CollectObservations":{"count":207,"self":0.1919977,"total":0.1919977,"children":null}}},"DecideAction":{"count":138,"self":0.0010007,"total":0.0010007,"children":null},"AcademyStep":{"count":138,"self":0,"total":0,"children":null},"AgentAct":{"count":138,"self":0.027975999999999997,"total":0.027975999999999997,"children":null}}}