{"count":1,"self":2.0609881999999997,"total":2.1409854999999998,"children":{"AgentResetIfDone":{"count":82,"self":0.0009991,"total":0.0009991,"children":null},"AgentSendState":{"count":82,"self":0.0019998,"total":0.0649976,"children":{"CollectObservations":{"count":56,"self":0.062997799999999993,"total":0.062997799999999993,"children":null}}},"DecideAction":{"count":82,"self":0,"total":0,"children":null},"AcademyStep":{"count":82,"self":0,"total":0,"children":null},"AgentAct":{"count":82,"self":0.011999899999999999,"total":0.011999899999999999,"children":null}}}