{"count":1,"self":1.5160715999999999,"total":189.2366237,"children":{"AgentResetIfDone":{"count":417,"self":0.011002699999999999,"total":0.011002699999999999,"children":null},"AgentSendState":{"count":417,"self":0.0259682,"total":0.6109489,"children":{"CollectObservations":{"count":630,"self":0.5849807,"total":0.5849807,"children":null}}},"DecideAction":{"count":417,"self":187.0066048,"total":187.014615,"children":{"AgentInfo.ToProto":{"count":70,"self":0.0080066,"total":0.0080066,"children":null}}},"AcademyStep":{"count":417,"self":0.0039924999999999995,"total":0.0039924999999999995,"children":null},"AgentAct":{"count":417,"self":0.077993399999999991,"total":0.077993399999999991,"children":null}}}