{"count":1,"self":21.8828928,"total":241.5061575,"children":{"AgentResetIfDone":{"count":1003,"self":0.0039848999999999996,"total":0.0039848999999999996,"children":null},"AgentSendState":{"count":1003,"self":0.0209221,"total":0.70345629999999992,"children":{"CollectObservations":{"count":672,"self":0.6825342,"total":0.6825342,"children":null}}},"DecideAction":{"count":1003,"self":0.0050005,"total":0.0050005,"children":null},"AcademyStep":{"count":1003,"self":0.0059761,"total":0.0059761,"children":null},"AgentAct":{"count":1003,"self":218.9038848,"total":218.9038775,"children":null}}}