{"count":1,"self":1.2090645,"total":5.3005578,"children":{"AgentResetIfDone":{"count":251,"self":0.007006,"total":0.007006,"children":null},"AgentSendState":{"count":251,"self":0.0109786,"total":0.1880106,"children":{"CollectObservations":{"count":168,"self":0.177032,"total":0.177032,"children":null}}},"DecideAction":{"count":251,"self":3.8625064,"total":3.8704997999999997,"children":{"AgentInfo.ToProto":{"count":42,"self":0.0079934,"total":0.0079934,"children":null}}},"AcademyStep":{"count":251,"self":0.0029806999999999998,"total":0.0029806999999999998,"children":null},"AgentAct":{"count":251,"self":0.0209957,"total":0.0209957,"children":null}}}