{"count":1,"self":0.7320183,"total":4.4980052,"children":{"AgentResetIfDone":{"count":251,"self":0.0050111,"total":0.0050111,"children":null},"AgentSendState":{"count":251,"self":0.0120311,"total":0.1589871,"children":{"CollectObservations":{"count":168,"self":0.146956,"total":0.146956,"children":null}}},"DecideAction":{"count":251,"self":3.5779744,"total":3.5819916,"children":{"AgentInfo.ToProto":{"count":42,"self":0.0040173,"total":0.0040173,"children":null}}},"AcademyStep":{"count":251,"self":0.00099969999999999985,"total":0.00099969999999999985,"children":null},"AgentAct":{"count":251,"self":0.016995,"total":0.016995,"children":null}}}