{"count":1,"self":63427.674112,"total":69950.398501,"children":{"AgentResetIfDone":{"count":6000001,"self":131.3414912,"total":131.341492,"children":null},"AgentSendState":{"count":6000001,"self":219.11134719999998,"total":469.99918199999996,"children":{"CollectObservations":{"count":6000006,"self":250.8878336,"total":250.887825,"children":null}}},"DecideAction":{"count":6000001,"self":5267.3265664,"total":5306.6870279999994,"children":{"AgentInfo.ToProto":{"count":1000001,"self":39.3603648,"total":39.360364,"children":null}}},"AcademyStep":{"count":6000001,"self":121.8517888,"total":121.851783,"children":null},"AgentAct":{"count":6000001,"self":492.84684799999997,"total":492.84684,"children":null}}}