{"count":1,"self":3.5039667999999997,"total":28.0590287,"children":{"AgentResetIfDone":{"count":3334,"self":0.058961099999999995,"total":0.058961099999999995,"children":null},"AgentSendState":{"count":3334,"self":0.1982319,"total":5.8783522999999995,"children":{"CollectObservations":{"count":5004,"self":5.6801204,"total":5.6801204,"children":null}}},"DecideAction":{"count":3334,"self":17.870828799999998,"total":17.9268519,"children":{"AgentInfo.ToProto":{"count":556,"self":0.056023199999999995,"total":0.056023199999999995,"children":null}}},"AcademyStep":{"count":3334,"self":0.0279714,"total":0.0279714,"children":null},"AgentAct":{"count":3334,"self":0.6619265,"total":0.6619265,"children":null}}}