{"count":1,"self":1.7171524,"total":15.4899056,"children":{"AgentResetIfDone":{"count":1584,"self":0.0220061,"total":0.0220061,"children":null},"AgentSendState":{"count":1584,"self":0.048962399999999996,"total":1.2430052999999999,"children":{"CollectObservations":{"count":1056,"self":1.1940429,"total":1.1940429,"children":null}}},"DecideAction":{"count":1584,"self":12.3657696,"total":12.3847638,"children":{"AgentInfo.ToProto":{"count":264,"self":0.0189941,"total":0.0189941,"children":null}}},"AcademyStep":{"count":1584,"self":0.015995099999999998,"total":0.015995099999999998,"children":null},"AgentAct":{"count":1584,"self":0.1059962,"total":0.1059962,"children":null}}}