{"count":1,"self":0.63886809999999994,"total":1.3993297,"children":{"AgentResetIfDone":{"count":251,"self":0.0030004999999999997,"total":0.0030004999999999997,"children":null},"AgentSendState":{"count":251,"self":0.0100251,"total":0.1921051,"children":{"CollectObservations":{"count":168,"self":0.18208,"total":0.18208,"children":null}}},"DecideAction":{"count":251,"self":0.534261,"total":0.54225669999999992,"children":{"AgentInfo.ToProto":{"count":42,"self":0.0079957,"total":0.0079957,"children":null}}},"AcademyStep":{"count":251,"self":0.0030001,"total":0.0030001,"children":null},"AgentAct":{"count":251,"self":0.0181002,"total":0.0181002,"children":null}}}