{"count":1,"self":10.0661376,"total":117.14877949999999,"children":{"AgentResetIfDone":{"count":7917,"self":0.1139284,"total":0.1139284,"children":null},"AgentSendState":{"count":7917,"self":0.5848126,"total":1.5969179,"children":{"CollectObservations":{"count":21120,"self":1.0121053,"total":1.0121053,"children":null}}},"DecideAction":{"count":7917,"self":104.69669119999999,"total":104.9777257,"children":{"AgentInfo.ToProto":{"count":1320,"self":0.2810372,"total":0.2810372,"children":null}}},"AcademyStep":{"count":7917,"self":0.0580102,"total":0.0580102,"children":null},"AgentAct":{"count":7917,"self":0.33505969999999996,"total":0.33505969999999996,"children":null}}}