{"count":1,"self":16.200696,"total":130.1536331,"children":{"AgentResetIfDone":{"count":19167,"self":0.2819048,"total":0.2819048,"children":null},"AgentSendState":{"count":19167,"self":0.7012507,"total":16.1885014,"children":{"CollectObservations":{"count":12780,"self":15.4872512,"total":15.487250699999999,"children":null}}},"DecideAction":{"count":19167,"self":95.7967424,"total":95.956710199999989,"children":{"AgentInfo.ToProto":{"count":3195,"self":0.1599651,"total":0.1599651,"children":null}}},"AcademyStep":{"count":19167,"self":0.1668662,"total":0.1668662,"children":null},"AgentAct":{"count":19167,"self":1.3569525999999998,"total":1.3569525999999998,"children":null}}}