{"count":1,"self":23.4699456,"total":160.45617149999998,"children":{"AgentResetIfDone":{"count":27084,"self":0.4454651,"total":0.4454651,"children":null},"AgentSendState":{"count":27084,"self":1.8129452,"total":47.875085299999995,"children":{"CollectObservations":{"count":40626,"self":46.062140799999995,"total":46.062140199999995,"children":null}}},"DecideAction":{"count":27084,"self":72.888390399999992,"total":73.2423879,"children":{"AgentInfo.ToProto":{"count":4514,"self":0.3539969,"total":0.3539969,"children":null}}},"AcademyStep":{"count":27084,"self":0.23393599999999998,"total":0.23393599999999998,"children":null},"AgentAct":{"count":27084,"self":15.1873536,"total":15.187353,"children":null}}}