{"count":1,"self":12.1279536,"total":12.2697302,"children":{"AgentResetIfDone":{"count":566,"self":0.0011722,"total":0.0011722,"children":null},"AgentSendState":{"count":566,"self":0.0020006,"total":0.11896319999999999,"children":{"CollectObservations":{"count":95,"self":0.1169626,"total":0.1169626,"children":null}}},"DecideAction":{"count":566,"self":0.0020009,"total":0.0020009,"children":null},"AcademyStep":{"count":566,"self":0.0022429,"total":0.0022429,"children":null},"AgentAct":{"count":566,"self":0.0163922,"total":0.0163922,"children":null}}}