{"count":1,"self":4.246154,"total":23.979445899999998,"children":{"AgentResetIfDone":{"count":3417,"self":0.0599783,"total":0.0599783,"children":null},"AgentSendState":{"count":3417,"self":0.2449837,"total":5.7467917,"children":{"CollectObservations":{"count":5130,"self":5.501808,"total":5.501808,"children":null}}},"DecideAction":{"count":3417,"self":13.1714024,"total":13.228401999999999,"children":{"AgentInfo.ToProto":{"count":570,"self":0.0569996,"total":0.0569996,"children":null}}},"AcademyStep":{"count":3417,"self":0.0370314,"total":0.0370314,"children":null},"AgentAct":{"count":3417,"self":0.6590889,"total":0.6590889,"children":null}}}