{"count":1,"self":1.3647916999999998,"total":11.485783099999999,"children":{"AgentResetIfDone":{"count":417,"self":0.0100285,"total":0.0100285,"children":null},"AgentSendState":{"count":417,"self":0.0189785,"total":0.6419676,"children":{"CollectObservations":{"count":630,"self":0.6229891,"total":0.6229891,"children":null}}},"DecideAction":{"count":417,"self":9.3819895999999989,"total":9.3870068,"children":{"AgentInfo.ToProto":{"count":70,"self":0.0050171999999999994,"total":0.0050171999999999994,"children":null}}},"AcademyStep":{"count":417,"self":0.0019986,"total":0.0019986,"children":null},"AgentAct":{"count":417,"self":0.0779888,"total":0.0779888,"children":null}}}