{"count":1,"self":74.5087872,"total":216.4369447,"children":{"AgentResetIfDone":{"count":47001,"self":0.8069925,"total":0.8069925,"children":null},"AgentSendState":{"count":47001,"self":1.4996352,"total":4.4929996,"children":{"CollectObservations":{"count":47004,"self":2.9933644,"total":2.9933644,"children":null}}},"DecideAction":{"count":47001,"self":129.3679616,"total":129.7738482,"children":{"AgentInfo.ToProto":{"count":7834,"self":0.4058851,"total":0.4058851,"children":null}}},"AcademyStep":{"count":47001,"self":0.8247555,"total":0.8247555,"children":null},"AgentAct":{"count":47001,"self":6.0285644,"total":6.0285645,"children":null}}}