{"count":1,"self":1.5779676999999999,"total":13.5721039,"children":{"AgentResetIfDone":{"count":1334,"self":0.0249776,"total":0.0249776,"children":null},"AgentSendState":{"count":1334,"self":0.066966299999999992,"total":1.9095533,"children":{"CollectObservations":{"count":2007,"self":1.842587,"total":1.842587,"children":null}}},"DecideAction":{"count":1334,"self":9.8066199999999988,"total":9.8296298,"children":{"AgentInfo.ToProto":{"count":223,"self":0.023009699999999998,"total":0.023009699999999998,"children":null}}},"AcademyStep":{"count":1334,"self":0.0130073,"total":0.0130073,"children":null},"AgentAct":{"count":1334,"self":0.2149671,"total":0.2149671,"children":null}}}