{"count":1,"self":8.8134024,"total":109.34852099999999,"children":{"AgentResetIfDone":{"count":498,"self":0.0050005,"total":0.0050005,"children":null},"AgentSendState":{"count":498,"self":0.0189768,"total":0.551622,"children":{"CollectObservations":{"count":498,"self":0.53264519999999993,"total":0.53264519999999993,"children":null}}},"DecideAction":{"count":498,"self":0.0084432,"total":0.0084432,"children":null},"AcademyStep":{"count":498,"self":99.966028799999989,"total":99.9660258,"children":null},"AgentAct":{"count":498,"self":0.0030074,"total":0.0030074,"children":null}}}