{"count":1,"self":1.2434775,"total":5.3615480999999994,"children":{"AgentResetIfDone":{"count":251,"self":0.0070056999999999993,"total":0.0070056999999999993,"children":null},"AgentSendState":{"count":251,"self":0.0069958,"total":0.1771018,"children":{"CollectObservations":{"count":168,"self":0.17010599999999998,"total":0.17010599999999998,"children":null}}},"DecideAction":{"count":251,"self":3.9089308,"total":3.9139318999999997,"children":{"AgentInfo.ToProto":{"count":42,"self":0.0050012,"total":0.0050012,"children":null}}},"AcademyStep":{"count":251,"self":0.0029985,"total":0.0029985,"children":null},"AgentAct":{"count":251,"self":0.015032499999999999,"total":0.015032499999999999,"children":null}}}