{"count":1,"self":0.7034708,"total":7.4473457,"children":{"AgentResetIfDone":{"count":251,"self":0.0049828,"total":0.0049828,"children":null},"AgentSendState":{"count":251,"self":0.0090037,"total":0.16465449999999998,"children":{"CollectObservations":{"count":168,"self":0.1556508,"total":0.1556508,"children":null}}},"DecideAction":{"count":251,"self":6.5382203999999993,"total":6.5442234999999993,"children":{"AgentInfo.ToProto":{"count":42,"self":0.0060031,"total":0.0060031,"children":null}}},"AcademyStep":{"count":251,"self":0.0029868,"total":0.0029868,"children":null},"AgentAct":{"count":251,"self":0.0250278,"total":0.0250278,"children":null}}}