{"count":1,"self":12.028581599999999,"total":23.8288309,"children":{"AgentResetIfDone":{"count":5926,"self":0.08890859999999999,"total":0.08890859999999999,"children":null},"AgentSendState":{"count":5926,"self":0.17492549999999998,"total":0.5271009,"children":{"CollectObservations":{"count":5928,"self":0.35217539999999997,"total":0.35217539999999997,"children":null}}},"DecideAction":{"count":5926,"self":10.474594399999999,"total":10.4745946,"children":null},"AcademyStep":{"count":5926,"self":0.0871231,"total":0.0871231,"children":null},"AgentAct":{"count":5926,"self":0.6195043,"total":0.6195043,"children":null}}}