{"count":1,"self":243.271808,"total":2211.4503990999997,"children":{"AgentResetIfDone":{"count":250017,"self":3.5015072,"total":3.5015071,"children":null},"AgentSendState":{"count":250017,"self":10.2993256,"total":15.792256799999999,"children":{"CollectObservations":{"count":600048,"self":5.4929312,"total":5.4929312,"children":null}}},"DecideAction":{"count":250017,"self":1931.5965952,"total":1935.4115697,"children":{"AgentInfo.ToProto":{"count":50004,"self":3.815034,"total":3.815034,"children":null}}},"AcademyStep":{"count":250017,"self":1.7170488,"total":1.7170489,"children":null},"AgentAct":{"count":250017,"self":11.754199999999999,"total":11.7541999,"children":null}}}