{"count":1,"self":1.5998744999999999,"total":10.5592432,"children":{"AgentResetIfDone":{"count":1001,"self":0.0100048,"total":0.0100048,"children":null},"AgentSendState":{"count":1001,"self":0.0679979,"total":1.6778924,"children":{"CollectObservations":{"count":1503,"self":1.6098945,"total":1.6098945,"children":null}}},"DecideAction":{"count":1001,"self":7.0479632,"total":7.0589612,"children":{"AgentInfo.ToProto":{"count":167,"self":0.0109979,"total":0.0109979,"children":null}}},"AcademyStep":{"count":1001,"self":0.0070000999999999996,"total":0.0070000999999999996,"children":null},"AgentAct":{"count":1001,"self":0.2035112,"total":0.2035112,"children":null}}}