{"count":1,"self":0.85194799999999993,"total":6.2425647999999994,"children":{"AgentResetIfDone":{"count":334,"self":0.0049999,"total":0.0049999,"children":null},"AgentSendState":{"count":334,"self":0.011992899999999999,"total":0.2845215,"children":{"CollectObservations":{"count":224,"self":0.2725286,"total":0.2725286,"children":null}}},"DecideAction":{"count":334,"self":5.056108,"total":5.0621043,"children":{"AgentInfo.ToProto":{"count":56,"self":0.0059965,"total":0.0059965,"children":null}}},"AcademyStep":{"count":334,"self":0.0020006,"total":0.0020006,"children":null},"AgentAct":{"count":334,"self":0.031987999999999996,"total":0.031987999999999996,"children":null}}}