{"count":1,"self":11.5839856,"total":71.2379459,"children":{"AgentResetIfDone":{"count":15501,"self":0.2498001,"total":0.2498001,"children":null},"AgentSendState":{"count":15501,"self":0.49144669999999996,"total":11.5950341,"children":{"CollectObservations":{"count":10336,"self":11.1035872,"total":11.1035874,"children":null}}},"DecideAction":{"count":15501,"self":46.608969599999995,"total":46.708891,"children":{"AgentInfo.ToProto":{"count":2584,"self":0.099922799999999992,"total":0.099922799999999992,"children":null}}},"AcademyStep":{"count":15501,"self":0.10897699999999999,"total":0.10897699999999999,"children":null},"AgentAct":{"count":15501,"self":0.9892588,"total":0.9892588,"children":null}}}