{"count":1,"self":1.2720699,"total":4.4720547999999996,"children":{"AgentResetIfDone":{"count":251,"self":0.0040015,"total":0.0040015,"children":null},"AgentSendState":{"count":251,"self":0.0089751,"total":0.1600481,"children":{"CollectObservations":{"count":168,"self":0.15107299999999999,"total":0.15107299999999999,"children":null}}},"DecideAction":{"count":251,"self":2.998901,"total":3.003921,"children":{"AgentInfo.ToProto":{"count":42,"self":0.00502,"total":0.00502,"children":null}}},"AcademyStep":{"count":251,"self":0.0050024,"total":0.0050024,"children":null},"AgentAct":{"count":251,"self":0.0260126,"total":0.0260126,"children":null}}}