{"count":1,"self":237.4039808,"total":717.385321,"children":{"AgentResetIfDone":{"count":250017,"self":3.90727,"total":3.9072698999999997,"children":null},"AgentSendState":{"count":250017,"self":10.2591608,"total":15.6742671,"children":{"CollectObservations":{"count":600048,"self":5.4151064,"total":5.4151061999999994,"children":null}}},"DecideAction":{"count":250017,"self":442.8902912,"total":447.0014597,"children":{"AgentInfo.ToProto":{"count":50004,"self":4.1111607999999995,"total":4.1111607,"children":null}}},"AcademyStep":{"count":250017,"self":1.7101718,"total":1.7101718,"children":null},"AgentAct":{"count":250017,"self":11.6871712,"total":11.687171399999999,"children":null}}}