{"count":1,"self":1.5761277,"total":19.360951099999998,"children":{"AgentResetIfDone":{"count":417,"self":0.0030126,"total":0.0030126,"children":null},"AgentSendState":{"count":417,"self":0.030985699999999998,"total":0.67992429999999993,"children":{"CollectObservations":{"count":630,"self":0.64893859999999992,"total":0.64893859999999992,"children":null}}},"DecideAction":{"count":417,"self":16.9904784,"total":17.0094723,"children":{"AgentInfo.ToProto":{"count":70,"self":0.0189932,"total":0.0189932,"children":null}}},"AcademyStep":{"count":417,"self":0.0029942999999999997,"total":0.0029942999999999997,"children":null},"AgentAct":{"count":417,"self":0.0874221,"total":0.0874221,"children":null}}}