{"count":1,"self":107.5799936,"total":246.329871,"children":{"AgentResetIfDone":{"count":5505,"self":0.0255173,"total":0.0255173,"children":null},"AgentSendState":{"count":5505,"self":0.1943037,"total":7.6799231,"children":{"CollectObservations":{"count":8262,"self":7.4856191999999995,"total":7.4856194,"children":null}}},"DecideAction":{"count":5505,"self":0.0374802,"total":0.0374802,"children":null},"AcademyStep":{"count":5505,"self":129.88110079999998,"total":129.8810968,"children":null},"AgentAct":{"count":5505,"self":1.1248725,"total":1.1248725,"children":null}}}