{"count":1,"self":246.2505984,"total":1099.0085494,"children":{"AgentResetIfDone":{"count":250017,"self":3.8057672,"total":3.8057673999999997,"children":null},"AgentSendState":{"count":250017,"self":10.5248936,"total":16.1098704,"children":{"CollectObservations":{"count":600048,"self":5.5849768,"total":5.5849768,"children":null}}},"DecideAction":{"count":250017,"self":814.3328256,"total":818.2389668,"children":{"AgentInfo.ToProto":{"count":50004,"self":3.9061668,"total":3.9061667,"children":null}}},"AcademyStep":{"count":250017,"self":1.8166244,"total":1.8166243,"children":null},"AgentAct":{"count":250017,"self":12.784727199999999,"total":12.7847271,"children":null}}}