{"count":1,"self":22.2442544,"total":22.3452499,"children":{"AgentResetIfDone":{"count":1021,"self":0.0069942999999999993,"total":0.0069942999999999993,"children":null},"AgentSendState":{"count":1021,"self":0.0390429,"total":0.092999699999999991,"children":{"CollectObservations":{"count":1021,"self":0.0539568,"total":0.0539568,"children":null}}}}}