{"count":1,"self":1.1427192,"total":577.4006588,"children":{"AgentResetIfDone":{"count":417,"self":0.0080127,"total":0.0080127,"children":null},"AgentSendState":{"count":417,"self":0.0200482,"total":0.5727187,"children":{"CollectObservations":{"count":630,"self":0.5526705,"total":0.5526705,"children":null}}},"DecideAction":{"count":417,"self":575.57928959999992,"total":575.5882736,"children":{"AgentInfo.ToProto":{"count":70,"self":0.0089993,"total":0.0089993,"children":null}}},"AcademyStep":{"count":417,"self":0.0049867999999999996,"total":0.0049867999999999996,"children":null},"AgentAct":{"count":417,"self":0.0809477,"total":0.0809477,"children":null}}}