{"count":1,"self":15.952596799999998,"total":100.5769309,"children":{"AgentResetIfDone":{"count":18251,"self":0.30414379999999996,"total":0.30414379999999996,"children":null},"AgentSendState":{"count":18251,"self":1.1177983999999999,"total":28.178262699999998,"children":{"CollectObservations":{"count":27378,"self":27.060464,"total":27.0604643,"children":null}}},"DecideAction":{"count":18251,"self":52.798972799999994,"total":53.0108793,"children":{"AgentInfo.ToProto":{"count":3042,"self":0.2119073,"total":0.2119073,"children":null}}},"AcademyStep":{"count":18251,"self":0.3176747,"total":0.3176747,"children":null},"AgentAct":{"count":18251,"self":2.8113726,"total":2.8113726,"children":null}}}