{"count":1,"self":28.1079872,"total":35.109243299999996,"children":{"AgentResetIfDone":{"count":5084,"self":0.1139505,"total":0.1139505,"children":null},"AgentSendState":{"count":5084,"self":0.4299938,"total":6.8853064999999996,"children":{"CollectObservations":{"count":5084,"self":6.4553128,"total":6.4553126999999995,"children":null}}}}}