{"count":1,"self":36.894368,"total":37.172699699999995,"children":{"AgentResetIfDone":{"count":1775,"self":0.0030019,"total":0.0030019,"children":null},"AgentSendState":{"count":1775,"self":0.017948199999999997,"total":0.0836817,"children":{"CollectObservations":{"count":1776,"self":0.0657335,"total":0.0657335,"children":null}}},"DecideAction":{"count":1775,"self":0.0020009,"total":0.0020009,"children":null},"AcademyStep":{"count":1775,"self":0.0060009999999999994,"total":0.0060009999999999994,"children":null},"AgentAct":{"count":1775,"self":0.18264819999999998,"total":0.18264819999999998,"children":null}}}